{
  "schemaVersion": 1,
  "id": "nocobwebslowdown",
  "version": "${version}",
  "name": "No Cobweb Slowdown",
  "description": "Allows the player to move through cobwebs at normal speed. Includes a keybind to toggle the effect.",
  "authors": [
    "YourName"
  ],
  "contact": {
    "homepage": "https://fabricmc.net/"
  },
  "license": "CC0-1.0",
  "environment": "client",
  "entrypoints": {
    "client": [
      "com.example.nocobwebslowdown.NoCobwebSlowdownClient"
    ]
  },
  "mixins": [
    "nocobwebslowdown.mixins.json"
  ],
  "depends": {
    "fabricloader": ">=0.14.21",
    "minecraft": "[1.20, 1.22)",
    "java": ">=17",
    "fabric-api": "*"
  }
}